-- UTILISATEUR

insert into UTILISATEUR (Nom, Prenom, Adresse, Date_Naissance, Date_Inscription, LoginUser, Mdp) values ('Tommeo', 'Harriott', 'htommeo0@imdb.com', '11-09-1985', '05-12-2022', null, 'my8rS0CJSa');
insert into UTILISATEUR (Nom, Prenom, Adresse, Date_Naissance, Date_Inscription, LoginUser, Mdp) values ('Camacho', 'Danette', 'dcamacho1@youku.com', '12-11-1988', '15-10-2022', null, 's3WTcx');
insert into UTILISATEUR (Nom, Prenom, Adresse, Date_Naissance, Date_Inscription, LoginUser, Mdp) values ('Danev', 'Armstrong', 'adanev2@bbc.co.uk', '28-06-2004', '13-03-2022', null, '9M1Vv2An');
insert into UTILISATEUR (Nom, Prenom, Adresse, Date_Naissance, Date_Inscription, LoginUser, Mdp) values ('Mac Giolla Pheadair', 'Kerri', 'kmacgiollapheadair3@exblog.jp', '13-09-2010', '30-03-2022', null, 'oa9tweh0');
insert into UTILISATEUR (Nom, Prenom, Adresse, Date_Naissance, Date_Inscription, LoginUser, Mdp) values ('Paydon', 'Allie', 'apaydon4@samsung.com', '19-05-1996', '08-05-2022', null, 'tx20XT1w7Eg');
insert into UTILISATEUR (Nom, Prenom, Adresse, Date_Naissance, Date_Inscription, LoginUser, Mdp) values ('Middlemist', 'Jeanna', 'jmiddlemist5@deliciousdays.com', '15-08-2004', '02-07-2022', null, 'BiZfz6IZCmhB');
insert into UTILISATEUR (Nom, Prenom, Adresse, Date_Naissance, Date_Inscription, LoginUser, Mdp) values ('Bevir', 'Irena', 'ibevir6@huffingtonpost.com', '02-04-1981', '29-11-2022', null, 'VtzKQ8Q');
insert into UTILISATEUR (Nom, Prenom, Adresse, Date_Naissance, Date_Inscription, LoginUser, Mdp) values ('Beves', 'Darcee', 'dbeves7@berkeley.edu', '06-07-1984', '21-06-2022', null, 'JZJ6LAAMwR');
insert into UTILISATEUR (Nom, Prenom, Adresse, Date_Naissance, Date_Inscription, LoginUser, Mdp) values ('Gribbell', 'Arnuad', 'agribbell8@umich.edu', '13-12-1986', '18-07-2022', null, 'lr1UGcKcX2');
insert into UTILISATEUR (Nom, Prenom, Adresse, Date_Naissance, Date_Inscription, LoginUser, Mdp) values ('Wasling', 'Jeanette', 'jwasling9@wufoo.com', '27-06-1981', '14-04-2022', null, 'zsFw0EPR0B7');
insert into UTILISATEUR (Nom, Prenom, Adresse, Date_Naissance, Date_Inscription, LoginUser, Mdp) values ('MacKill', 'Gisele', 'gmackilla@sciencedirect.com', '04-01-1981', '27-01-2022', null, 'Plcdbc3');
insert into UTILISATEUR (Nom, Prenom, Adresse, Date_Naissance, Date_Inscription, LoginUser, Mdp) values ('Spilsted', 'Reginald', 'rspilstedb@surveymonkey.com', '21-10-1984', '02-12-2022', null, 'K0UusizHT');
insert into UTILISATEUR (Nom, Prenom, Adresse, Date_Naissance, Date_Inscription, LoginUser, Mdp) values ('Strevens', 'Dorey', 'dstrevensc@about.me', '17-05-1974', '13-05-2022', null, 'ZY2BD7');
insert into UTILISATEUR (Nom, Prenom, Adresse, Date_Naissance, Date_Inscription, LoginUser, Mdp) values ('Mawhinney', 'Shirley', 'smawhinneyd@mashable.com', '14-10-1993', '11-07-2022', null, '8sO3q5bTzqhl');
insert into UTILISATEUR (Nom, Prenom, Adresse, Date_Naissance, Date_Inscription, LoginUser, Mdp) values ('Stanbro', 'Joelle', 'jstanbroe@illinois.edu', '09-09-1974', '19-11-2022', null, 'qCoiHlRr');
insert into UTILISATEUR (Nom, Prenom, Adresse, Date_Naissance, Date_Inscription, LoginUser, Mdp) values ('Goodley', 'Raimondo', 'rgoodleyf@miitbeian.gov.cn', '22-06-2009', '25-02-2022', null, '80MyqCmisC');
insert into UTILISATEUR (Nom, Prenom, Adresse, Date_Naissance, Date_Inscription, LoginUser, Mdp) values ('Clayal', 'Genevra', 'gclayalg@google.com.au', '10-08-1983', '20-03-2022', null, 'e27KXRFd');
insert into UTILISATEUR (Nom, Prenom, Adresse, Date_Naissance, Date_Inscription, LoginUser, Mdp) values ('Kettlestring', 'Keeley', 'kkettlestringh@virginia.edu', '24-01-2008', '17-10-2022', null, 'QZhCPlglcj');
insert into UTILISATEUR (Nom, Prenom, Adresse, Date_Naissance, Date_Inscription, LoginUser, Mdp) values ('Krolman', 'Jenn', 'jkrolmani@a8.net', '15-02-1979', '13-11-2022', null, 'B6slSnvRNzP');
insert into UTILISATEUR (Nom, Prenom, Adresse, Date_Naissance, Date_Inscription, LoginUser, Mdp) values ('Patry', 'Ag', 'apatryj@ucoz.com', '23-07-1990', '03-01-2022', null, 'JeuI7igqufa2');
insert into UTILISATEUR (Nom, Prenom, Adresse, Date_Naissance, Date_Inscription, LoginUser, Mdp) values ('De Gregoli', 'Carine', 'cdegregolik@bing.com', '29-01-2004', '24-03-2022', null, 'ShjVcsO');
insert into UTILISATEUR (Nom, Prenom, Adresse, Date_Naissance, Date_Inscription, LoginUser, Mdp) values ('Copplestone', 'Janna', 'jcopplestonel@cnn.com', '26-06-1992', '18-09-2022', null, 'ZIaoa2');
insert into UTILISATEUR (Nom, Prenom, Adresse, Date_Naissance, Date_Inscription, LoginUser, Mdp) values ('Scard', 'Baryram', 'bscardm@51.la', '03-11-1995', '02-06-2022', null, 'Rl9qjS9qnf');
insert into UTILISATEUR (Nom, Prenom, Adresse, Date_Naissance, Date_Inscription, LoginUser, Mdp) values ('Bladder', 'Gregg', 'gbladdern@facebook.com', '08-10-2010', '16-06-2022', null, 'Yxh40bOO');
insert into UTILISATEUR (Nom, Prenom, Adresse, Date_Naissance, Date_Inscription, LoginUser, Mdp) values ('Pryell', 'Brier', 'bpryello@tripod.com', '19-03-2003', '28-10-2022', null, '9WFqlPF');
insert into UTILISATEUR (Nom, Prenom, Adresse, Date_Naissance, Date_Inscription, LoginUser, Mdp) values ('Ragate', 'Rozella', 'rragatep@deviantart.com', '17-01-2006', '26-07-2022', null, 'T6vwGIezx7k');
insert into UTILISATEUR (Nom, Prenom, Adresse, Date_Naissance, Date_Inscription, LoginUser, Mdp) values ('Smillie', 'Barde', 'bsmillieq@sphinn.com', '10-02-1998', '01-03-2022', null, 'CyTwAiiLPdC');
insert into UTILISATEUR (Nom, Prenom, Adresse, Date_Naissance, Date_Inscription, LoginUser, Mdp) values ('McKillop', 'Eda', 'emckillopr@foxnews.com', '19-03-1985', '02-12-2022', null, 'OOpQrF');
insert into UTILISATEUR (Nom, Prenom, Adresse, Date_Naissance, Date_Inscription, LoginUser, Mdp) values ('Duckett', 'Denys', 'dducketts@creativecommons.org', '27-01-1992', '02-11-2022', null, 'NgIdL1');
insert into UTILISATEUR (Nom, Prenom, Adresse, Date_Naissance, Date_Inscription, LoginUser, Mdp) values ('Eley', 'Lanni', 'leleyt@naver.com', '26-09-2008', '29-09-2022', null, 'BmCaG4x');
insert into UTILISATEUR (Nom, Prenom, Adresse, Date_Naissance, Date_Inscription, LoginUser, Mdp) values ('Honig', 'Romonda', 'rhonigu@weebly.com', '31-01-2000', '20-01-2022', null, 'vWWNDr');
insert into UTILISATEUR (Nom, Prenom, Adresse, Date_Naissance, Date_Inscription, LoginUser, Mdp) values ('Riddle', 'Kim', 'kriddlev@shutterfly.com', '18-07-1990', '30-09-2022', null, 'gXRkizav');
insert into UTILISATEUR (Nom, Prenom, Adresse, Date_Naissance, Date_Inscription, LoginUser, Mdp) values ('Overstall', 'Bunnie', 'boverstallw@nyu.edu', '12-06-1980', '07-01-2022', null, 'IekGAoLV9Z');
insert into UTILISATEUR (Nom, Prenom, Adresse, Date_Naissance, Date_Inscription, LoginUser, Mdp) values ('Shemilt', 'Devland', 'dshemiltx@guardian.co.uk', '08-10-1998', '12-03-2022', null, 'Zi5dQ4jt');
insert into UTILISATEUR (Nom, Prenom, Adresse, Date_Naissance, Date_Inscription, LoginUser, Mdp) values ('Fillingham', 'Jerri', 'jfillinghamy@skyrock.com', '31-08-1988', '02-01-2022', null, 'c2Ml8h1dn4r');
insert into UTILISATEUR (Nom, Prenom, Adresse, Date_Naissance, Date_Inscription, LoginUser, Mdp) values ('June', 'Trip', 'tjunez@fotki.com', '28-09-1987', '01-11-2022', null, 'nq7PH0kUVu');
insert into UTILISATEUR (Nom, Prenom, Adresse, Date_Naissance, Date_Inscription, LoginUser, Mdp) values ('Hagerty', 'Elayne', 'ehagerty10@shutterfly.com', '28-03-1977', '18-04-2022', null, 'Jd6RNoVqCi');
insert into UTILISATEUR (Nom, Prenom, Adresse, Date_Naissance, Date_Inscription, LoginUser, Mdp) values ('Heaseman', 'Tiebold', 'theaseman11@usgs.gov', '27-07-1974', '09-10-2022', null, 'AzE2sKdwcU4s');
insert into UTILISATEUR (Nom, Prenom, Adresse, Date_Naissance, Date_Inscription, LoginUser, Mdp) values ('Veivers', 'Dorine', 'dveivers12@slideshare.net', '05-08-1988', '19-06-2022', null, '3i4NjRY');
insert into UTILISATEUR (Nom, Prenom, Adresse, Date_Naissance, Date_Inscription, LoginUser, Mdp) values ('Iddenden', 'Muhammad', 'middenden13@barnesandnoble.com', '31-10-1990', '08-11-2022', null, 'Llhlbhp29');
insert into UTILISATEUR (Nom, Prenom, Adresse, Date_Naissance, Date_Inscription, LoginUser, Mdp) values ('Blesdill', 'Talbot', 'tblesdill14@usnews.com', '03-11-1994', '20-01-2022', null, 'txPWpMFjTiF');
insert into UTILISATEUR (Nom, Prenom, Adresse, Date_Naissance, Date_Inscription, LoginUser, Mdp) values ('Cordell', 'Kissee', 'kcordell15@msu.edu', '15-03-1987', '31-07-2022', null, 'rpLIC5Gv');
insert into UTILISATEUR (Nom, Prenom, Adresse, Date_Naissance, Date_Inscription, LoginUser, Mdp) values ('Sargent', 'Erwin', 'esargent16@gizmodo.com', '17-02-1995', '25-08-2022', null, 'PfgNBtxOgh');
insert into UTILISATEUR (Nom, Prenom, Adresse, Date_Naissance, Date_Inscription, LoginUser, Mdp) values ('Keningham', 'Pat', 'pkeningham17@github.com', '14-03-2000', '05-06-2022', null, 'KD1sw7');
insert into UTILISATEUR (Nom, Prenom, Adresse, Date_Naissance, Date_Inscription, LoginUser, Mdp) values ('Severwright', 'Allen', 'aseverwright18@e-recht24.de', '10-05-1984', '13-04-2022', null, 'VTsLDH7');
insert into UTILISATEUR (Nom, Prenom, Adresse, Date_Naissance, Date_Inscription, LoginUser, Mdp) values ('Hellier', 'Tan', 'thellier19@constantcontact.com', '19-12-1974', '17-06-2022', null, 't4svlpF');
insert into UTILISATEUR (Nom, Prenom, Adresse, Date_Naissance, Date_Inscription, LoginUser, Mdp) values ('McDermott-Row', 'Kriste', 'kmcdermottrow1a@tinypic.com', '24-09-1994', '04-04-2022', null, 'cfz8Kiw7');
insert into UTILISATEUR (Nom, Prenom, Adresse, Date_Naissance, Date_Inscription, LoginUser, Mdp) values ('Heindl', 'Norma', 'nheindl1b@tamu.edu', '16-04-1990', '03-06-2022', null, 'pvyvbL9');
insert into UTILISATEUR (Nom, Prenom, Adresse, Date_Naissance, Date_Inscription, LoginUser, Mdp) values ('Hay', 'Vivianna', 'vhay1c@businesswire.com', '15-11-1992', '21-04-2022', null, 'iTx20oLtWbm');
insert into UTILISATEUR (Nom, Prenom, Adresse, Date_Naissance, Date_Inscription, LoginUser, Mdp) values ('MacTrustey', 'Hasheem', 'hmactrustey1d@youku.com', '15-06-1984', '29-03-2022', null, 'eGjbMEDmn');






-- OBJET 

insert into OBJET (Nom_Objet, Theme, Descriptif) values ('Harry Potter Tome 1', 'Livre', 'Duis ac nibh.');
insert into OBJET (Nom_Objet, Theme, Descriptif) values ('Harry Potter Tome 2', 'Livre', 'Donec dapibus. Duis at velit eu est congue elementum. In hac habitasse platea dictumst.');
insert into OBJET (Nom_Objet, Theme, Descriptif) values ('Harry Potter Tome 3', 'Livre', '');
insert into OBJET (Nom_Objet, Theme, Descriptif) values ('Harry Potter Tome 4', 'Livre', 'Donec posuere metus vitae ipsum. Aliquam sit amet diam in magna bibendum imperdiet.');
insert into OBJET (Nom_Objet, Theme, Descriptif) values ('Harry Potter Tome 5', 'Livre', 'Quam turpis adipiscing lorem, vitae mattis nibh ligula nec sem.');
insert into OBJET (Nom_Objet, Theme, Descriptif) values ('Harry Potter Tome 6', 'Livre', 'Lacinia eget, tincidunt eget, tempus vel, pede. Morbi porttitor lorem id ligula.');
insert into OBJET (Nom_Objet, Theme, Descriptif) values ('Harry Potter Tome 7', 'Livre', 'Quisque ut erat. Curabitur gravida nisi at nibh.');
insert into OBJET (Nom_Objet, Theme, Descriptif) values ('Livre 1', 'Livre', '');
insert into OBJET (Nom_Objet, Theme, Descriptif) values ('Livre 2', 'Livre', '');
insert into OBJET (Nom_Objet, Theme, Descriptif) values ('Livre 3', 'Livre', '');
insert into OBJET (Nom_Objet, Theme, Descriptif) values ('Livre 4', 'Livre', '');
insert into OBJET (Nom_Objet, Theme, Descriptif) values ('Livre 5', 'Livre', '');
insert into OBJET (Nom_Objet, Theme, Descriptif) values ('Livre 6', 'Livre', '');
insert into OBJET (Nom_Objet, Theme, Descriptif) values ('Livre 7', 'Livre', '');
insert into OBJET (Nom_Objet, Theme, Descriptif) values ('Livre 8', 'Livre', '');

insert into OBJET (Nom_Objet, Theme, Descriptif) values ('Super Smash Bros Ultimate', 'Jeu video', 'In hac habitasse platea dictumst.');
insert into OBJET (Nom_Objet, Theme, Descriptif) values ('Fire Emblem Three Houses', 'Jeu video', 'Fusce lacus purus, aliquet at, feugiat non, pretium quis, lectus. Suspendisse potenti.');
insert into OBJET (Nom_Objet, Theme, Descriptif) values ('Overwatch', 'Jeu video', 'Integer tincidunt ante vel ipsum. Praesent blandit lacinia erat. Vestibulum sed magna at nunc commodo placerat.');

insert into OBJET (Nom_Objet, Theme, Descriptif) values ('Tintin', 'BD/Manga', 'Suspendisse potenti.');
insert into OBJET (Nom_Objet, Theme, Descriptif) values ('Asterix le gaulois', 'BD/Manga', 'Fusce posuere felis sed lacus.');
insert into OBJET (Nom_Objet, Theme, Descriptif) values ('Kaiju n.8', 'BD/Manga', 'Vestibulum ac est lacinia nisi venenatis tristique.');
insert into OBJET (Nom_Objet, Theme, Descriptif) values ('Naruto', 'BD/Manga', '');
insert into OBJET (Nom_Objet, Theme, Descriptif) values ('Dandadan', 'BD/Manga', 'In sagittis dui vel nisl.');

insert into OBJET (Nom_Objet, Theme, Descriptif) values ('Titanic', 'Film', 'Etiam justo. Etiam pretium iaculis justo. In hac habitasse platea dictumst. Etiam faucibus cursus urna.');
insert into OBJET (Nom_Objet, Theme, Descriptif) values ('Avenger Infinty War', 'Film', 'Vestibulum ante ipsum primis. Mauris viverra diam vitae quam.');
insert into OBJET (Nom_Objet, Theme, Descriptif) values ('Fast and Furious 37', 'Film', '');
insert into OBJET (Nom_Objet, Theme, Descriptif) values ('Iron Man', 'Film', 'Rutrum at, lorem. Integer tincidunt ante vel ipsum.');
insert into OBJET (Nom_Objet, Theme, Descriptif) values ('Thor 3', 'Film', 'Morbi porttitor lorem id ligula. In est risus, auctor sed, tristique in, tempus sit amet, sem.');
insert into OBJET (Nom_Objet, Theme, Descriptif) values ('FilmLambda 1', 'Film', 'Donec vitae nisi.');
insert into OBJET (Nom_Objet, Theme, Descriptif) values ('FilmLambda 2', 'Film', 'Mauris lacinia sapien quis libero.');
insert into OBJET (Nom_Objet, Theme, Descriptif) values ('FilmLambda 3', 'Film', 'Maecenas ut massa quis augue luctus tincidunt. Nulla mollis molestie lorem. Quisque ut erat.');
insert into OBJET (Nom_Objet, Theme, Descriptif) values ('FilmLambda 4', 'Film', 'In hac habitasse platea dictumst.');
insert into OBJET (Nom_Objet, Theme, Descriptif) values ('FilmLambda 5', 'Film', 'Pellentesque viverra pede ac diam.');
insert into OBJET (Nom_Objet, Theme, Descriptif) values ('FilmLambda 6', 'Film', '');
insert into OBJET (Nom_Objet, Theme, Descriptif) values ('FilmLambda 7', 'Film', '');
insert into OBJET (Nom_Objet, Theme, Descriptif) values ('FilmLambda 8', 'Film', '');
insert into OBJET (Nom_Objet, Theme, Descriptif) values ('FilmLambda 9', 'Film', '');
insert into OBJET (Nom_Objet, Theme, Descriptif) values ('FilmLambda 10', 'Film', '');
insert into OBJET (Nom_Objet, Theme, Descriptif) values ('FilmLambda 11', 'Film', '');







-- LISTE


insert into LISTE (id_Utilisateur, Nom_Liste, Theme, Descriptif) values (120, 'TEST', 'Livre', 'Fusce congue, diam id ornare imperdiet, sapien urna pretium nisl, ut volutpat sapien arcu sed augue.');
insert into LISTE (id_Utilisateur, Nom_Liste, Theme, Descriptif) values (142, 'HarryPotter', 'Livre', 'Nullam varius.');
insert into LISTE (id_Utilisateur, Nom_Liste, Theme, Descriptif) values (139, 'Dramatique', 'Livre', '');
insert into LISTE (id_Utilisateur, Nom_Liste, Theme, Descriptif) values (127, 'Culte', 'Livre', 'Vestibulum rutrum rutrum neque. Aenean auctor gravida sem.');
insert into LISTE (id_Utilisateur, Nom_Liste, Theme, Descriptif) values (100, 'Livre Romance', 'Livre', 'Pellentesque viverra pede ac diam. Cras pellentesque volutpat dui.');
insert into LISTE (id_Utilisateur, Nom_Liste, Theme, Descriptif) values (113, 'Pref', 'Livre', '');

insert into LISTE (id_Utilisateur, Nom_Liste, Theme, Descriptif) values (117, 'Jeu a faire', 'Jeu video', 'Integer ac leo.');
insert into LISTE (id_Utilisateur, Nom_Liste, Theme, Descriptif) values (147, 'Multijoueur', 'Jeu video', 'Donec quis orci eget orci vehicula condimentum.');

insert into LISTE (id_Utilisateur, Nom_Liste, Theme, Descriptif) values (135, 'A Lire ', 'BD/Manga', 'Duis bibendum.');
insert into LISTE (id_Utilisateur, Nom_Liste, Theme, Descriptif) values (120, 'Preferer', 'BD/Manga', 'Curabitur gravida nisi at nibh.');
insert into LISTE (id_Utilisateur, Nom_Liste, Theme, Descriptif) values (104, 'Alien Abduction Graphic', 'BD/Manga', '');

insert into LISTE (id_Utilisateur, Nom_Liste, Theme, Descriptif) values (130, 'Action', 'Film', '');
insert into LISTE (id_Utilisateur, Nom_Liste, Theme, Descriptif) values (138, 'Action', 'Film', 'Nulla neque libero, convallis eget, eleifend luctus, ultricies eu, nibh. Quisque id justo sit amet sapien dignissim vestibulum.');
insert into LISTE (id_Utilisateur, Nom_Liste, Theme, Descriptif) values (141, 'A acheter', 'Film', 'In sagittis dui vel nisl. Duis ac nibh.');
insert into LISTE (id_Utilisateur, Nom_Liste, Theme, Descriptif) values (104, 'FilmPrete', 'Film', '');

-- utilisateur 108 a une liste de chaque categorie
insert into LISTE (id_Utilisateur, Nom_Liste, Theme, Descriptif) values (108, 'Liste1', 'BD/Manga', '');
insert into LISTE (id_Utilisateur, Nom_Liste, Theme, Descriptif) values (108, 'Liste2', 'Livre', '');
insert into LISTE (id_Utilisateur, Nom_Liste, Theme, Descriptif) values (108, 'Liste3', 'Film', '');
insert into LISTE (id_Utilisateur, Nom_Liste, Theme, Descriptif) values (108, 'Liste4', 'Jeu video', '');

-- utilisateur 141 a une liste de chaque categorie
insert into LISTE (id_Utilisateur, Nom_Liste, Theme, Descriptif) values (141, 'Jeu Strategie', 'Jeu video', 'Vestibulum rutrum rutrum neque. Aenean auctor gravida sem.');
insert into LISTE (id_Utilisateur, Nom_Liste, Theme, Descriptif) values (141, 'Film Dramatique', 'Film', 'Vestibulum rutrum rutrum neque. Aenean auctor gravida sem.');
insert into LISTE (id_Utilisateur, Nom_Liste, Theme, Descriptif) values (141, 'Trop bien', 'BD/Manga', 'Vestibulum rutrum rutrum neque. Aenean auctor gravida sem.');
insert into LISTE (id_Utilisateur, Nom_Liste, Theme, Descriptif) values (141, 'Interessant', 'Livre', 'Vestibulum rutrum rutrum neque. Aenean auctor gravida sem.');

--Test l'archivage
insert into LISTE (id_Utilisateur, Nom_Liste, Theme, Descriptif) values (131, 'ListeSpe', 'Film', 'a');
insert into OBJET_LISTE (Nom_Objet, id_Liste, Justification) values ('FilmLambda 1', 127, '');
insert into OBJET_LISTE (Nom_Objet, id_Liste, Justification) values ('FilmLambda 2', 127, '');
insert into OBJET_LISTE (Nom_Objet, id_Liste, Justification) values ('FilmLambda 3', 127, '');
insert into OBJET_LISTE (Nom_Objet, id_Liste, Justification) values ('FilmLambda 4', 127, '');







-- OBJET_LISTE

insert into OBJET_LISTE (Nom_Objet, id_Liste, Justification) values ('Harry Potter Tome 3', 104, 'Integer tincidunt ante vel ipsum. Praesent blandit lacinia erat.');
insert into OBJET_LISTE (Nom_Objet, id_Liste, Justification) values ('Harry Potter Tome 6', 104, 'In sagittis dui vel nisl. Duis ac nibh.');
insert into OBJET_LISTE (Nom_Objet, id_Liste, Justification) values ('Harry Potter Tome 5', 105, 'Morbi vestibulum, velit id pretium iaculis, diam erat fermentum justo, nec condimentum neque sapien placerat ante. Nulla justo.');
insert into OBJET_LISTE (Nom_Objet, id_Liste, Justification) values ('Harry Potter Tome 1', 105, '');
insert into OBJET_LISTE (Nom_Objet, id_Liste, Justification) values ('Harry Potter Tome 2', 105, '');
insert into OBJET_LISTE (Nom_Objet, id_Liste, Justification) values ('Harry Potter Tome 6', 108, 'Vivamus in felis eu sapien cursus vestibulum. Proin eu mi.');
insert into OBJET_LISTE (Nom_Objet, id_Liste, Justification) values ('Harry Potter Tome 2', 108, '');
insert into OBJET_LISTE (Nom_Objet, id_Liste, Justification) values ('Harry Potter Tome 6', 109, 'Morbi sem mauris, laoreet ut, rhoncus aliquet, pulvinar sed, nisl. Nunc rhoncus dui vel sem.');
insert into OBJET_LISTE (Nom_Objet, id_Liste, Justification) values ('Harry Potter Tome 3', 109, 'Nulla tellus. In sagittis dui vel nisl.');
insert into OBJET_LISTE (Nom_Objet, id_Liste, Justification) values ('Harry Potter Tome 2', 109, 'Donec diam neque, vestibulum eget, vulputate ut, ultrices vel, augue. Vestibulum ante ipsum primis.');

insert into OBJET_LISTE (Nom_Objet, id_Liste, Justification) values ('Overwatch', 110, '');
insert into OBJET_LISTE (Nom_Objet, id_Liste, Justification) values ('Super Smash Bros Ultimate', 110, 'Nullam molestie nibh in lectus.');
insert into OBJET_LISTE (Nom_Objet, id_Liste, Justification) values ('Fire Emblem Three Houses', 110, '');
insert into OBJET_LISTE (Nom_Objet, id_Liste, Justification) values ('Overwatch', 111, 'Fusce consequat.');
insert into OBJET_LISTE (Nom_Objet, id_Liste, Justification) values ('Super Smash Bros Ultimate', 111, 'Aenean fermentum. Donec ut mauris eget massa tempor convallis.');

insert into OBJET_LISTE (Nom_Objet, id_Liste, Justification) values ('Naruto', 112, 'Suspendisse ornare consequat lectus. In est risus, auctor sed, tristique in, tempus sit amet, sem.');
insert into OBJET_LISTE (Nom_Objet, id_Liste, Justification) values ('Asterix le gaulois', 113, 'Maecenas ut massa quis augue luctus tincidunt. Nulla mollis molestie lorem.');
insert into OBJET_LISTE (Nom_Objet, id_Liste, Justification) values ('Dandadan', 113, 'Morbi non quam nec dui luctus rutrum.');
insert into OBJET_LISTE (Nom_Objet, id_Liste, Justification) values ('Naruto', 114, 'Etiam faucibus cursus urna. Ut tellus.');
insert into OBJET_LISTE (Nom_Objet, id_Liste, Justification) values ('Asterix le gaulois', 114, 'Integer tincidunt ante vel ipsum.');

insert into OBJET_LISTE (Nom_Objet, id_Liste, Justification) values ('Fast and Furious 37', 115, 'Nunc purus. Phasellus in felis.');
insert into OBJET_LISTE (Nom_Objet, id_Liste, Justification) values ('Avenger Infinty War', 115, '');
insert into OBJET_LISTE (Nom_Objet, id_Liste, Justification) values ('Fast and Furious 37', 116, 'Duis consequat dui nec nisi volutpat eleifend.');
insert into OBJET_LISTE (Nom_Objet, id_Liste, Justification) values ('Iron Man', 116, 'In hac habitasse platea dictumst.');
insert into OBJET_LISTE (Nom_Objet, id_Liste, Justification) values ('Avenger Infinty War', 117, 'Etiam justo.');
insert into OBJET_LISTE (Nom_Objet, id_Liste, Justification) values ('Thor 3', 118, 'Cum sociis natoque penatibus et magnis dis parturient montes, nascetur ridiculus mus. Etiam vel augue.');
insert into OBJET_LISTE (Nom_Objet, id_Liste, Justification) values ('Iron Man', 118, 'In blandit ultrices enim. Lorem ipsum dolor sit amet, consectetuer adipiscing elit.');
insert into OBJET_LISTE (Nom_Objet, id_Liste, Justification) values ('Titanic', 118, '');
insert into OBJET_LISTE (Nom_Objet, id_Liste, Justification) values ('Fast and Furious 37', 118, 'In blandit ultrices enim.');
insert into OBJET_LISTE (Nom_Objet, id_Liste, Justification) values ('Avenger Infinty War', 118, 'Praesent blandit lacinia erat.');

